"";"baseMean";"log2FoldChange";"lfcSE";"pvalue";"padj";"Dispersion";"FC/FCshrink"
"clong_scaffold_6_001566";11729,3939173444;3,11135156109219;0,271717114148442;1,2665894930758e-31;2,94672045564085e-27;0,0523151588840837;1,01462334350722
"clong_scaffold_5_002087";2380,47919742698;1,62498541807966;0,190619452800429;9,94585860512879e-19;1,15695200224161e-14;0,0250819228887259;1,02521445585072
"clong_contig_2281r_pilon_000002";218,279553991097;12,8842436824009;2,73482042274328;7,73298224861156e-18;5,99692773379826e-14;0,448932158599427;0,947029988103837
"clong_scaffold_4_000491";42393,1410276346;1,87742255333911;0,238683298011344;2,20343686734664e-16;1,02525917437639e-12;0,0399206754600998;1,02959072900264
"clong_scaffold_6_002070";147,927750083034;12,158832745955;2,70755295346089;4,87339797598734e-16;1,88966006518909e-12;0,455650277209638;0,94882316789496
"g27589";16947,7467765009;1,80580267028612;0,236688191579674;1,3556297372784e-15;4,50553226254028e-12;0,0391361343453727;1,03181016514048
"clong_scaffold_4_000909";561,121567171439;2,75080914045137;0,364055818169747;2,14385348073208e-15;6,23459390365399e-12;0,0896733483143144;1,0332204309496
"g5817";149,405219197608;12,2922781215685;2,76846798449621;2,85372574715268e-15;7,37688105638968e-12;0,570413812339805;0,948641531587537
"clong_contig_5852r_pilon_000002";142,898522911955;11,9369965722286;2,75680648583444;6,65515745113185e-14;1,54832238100582e-10;0,666744144417987;0,955116497022403
"clong_scaffold_9_001707";2059,80435493402;2,66675420538165;0,379519600582176;1,09059906199816e-13;2,30661701612611e-10;0,0992489323640554;1,03775818102821
"g451";180,127098023799;10,531575791844;1,57929437386787;2,01736007974147e-13;3,91115685459878e-10;0,614557116167139;1,04450613212406
"g36950";113,7156473331;8,89205222207937;1,30018116136439;4,88800706034554e-12;5,98523601362837e-09;0,539252593279432;1,05101396920206
"clong_scaffold_7_001151";628,128489840237;2,15331355255936;0,340363840037783;1,32437654175354e-11;1,4672200116141e-08;0,0779278441065735;1,04624755515749
"clong_scaffold_11_000432";445,136574630069;2,72788121196783;0,437635313332993;2,26167808259298e-11;2,39172457234208e-08;0,1280538138702;1,04786146783412
"g180";5969,59789022712;1,80946200232102;0,293507406260651;4,07878484274895e-11;4,12577953767627e-08;0,0591854152491805;1,04729760192826
"clong_scaffold_4_002248";149,82793672769;2,46248960530097;0,40077969571911;4,55436955185166e-11;4,25217325725136e-08;0,101988151200342;1,04866466272074
"clong_scaffold_7_001064";6124,85263863597;1,49435689237012;0,243220677859853;4,56928138539798e-11;4,25217325725136e-08;0,0407055260214568;1,04921422746383
"clong_scaffold_5_000844";3840,86366996528;3,16513509633568;0,531843898025979;1,37776114399147e-10;1,10529700051591e-07;0,193000064005472;1,05075864753707
"clong_contig_12288r_pilon_000003";1201,39588595318;1,62340594217217;0,281185379835743;4,68749307761445e-10;3,02929240140834e-07;0,0533528807451364;1,05322550441898
"clong_scaffold_6_002800";444,975973013738;5,71925610764662;1,01949778008534;6,98375934395969e-10;4,39127462533033e-07;0,676454336427058;1,06158618502154
"g21452";7619,5299194162;3,39916939432392;0,601523081701966;7,34414454641135e-10;4,39911005778285e-07;0,245241202088588;1,05746052766023
"g37237";61,0268453058247;2,73721702777227;0,482044222357128;7,56348172410549e-10;4,39911005778285e-07;0,129558744588412;1,05757625981892
"clong_scaffold_8_000923";80,6624066947284;4,30060726018034;0,787820006420865;2,0598211418651e-09;1,08913042876117e-06;0,376393085888082;1,06299940239115
"clong_Scaffold7_RagTag_0001_000003";1458,93444113652;1,29629069615205;0,23446475240353;2,21989128383503e-09;1,14768379374271e-06;0,0369762896023004;1,056340430927
"clong_scaffold_5_000961";3276,15662485601;1,16315202211188;0,210241382208899;2,40385167594447e-09;1,21577411393148e-06;0,03020313346744;1,05525140642521
"clong_scaffold_1_001834";584,420965964745;1,58194936389263;0,297242273778693;8,60070982226656e-09;3,84799065413522e-06;0,0583612287392411;1,05228262538827
"clong_scaffold_3_002084";479,419081723251;1,74454900993659;0,332578351873989;9,87056115837704e-09;4,17524736999349e-06;0,0726426536878447;1,06101749636465
"clong_contig_14080r_pilon_000004";10825,4320395531;1,33344917178024;0,258876892451055;1,7029510875559e-08;6,78755977082987e-06;0,0455803726857642;1,06481598296408
"clong_contig_13385r_pilon_000004";3721,83634807603;1,57112077919148;0,308620054691803;2,09622449394245e-08;8,12811047526184e-06;0,0642461539310533;1,06745875421186
"clong_scaffold_1_002185";585,691809816708;1,56163255263842;0,303341758487665;2,5364711969212e-08;9,52692593378481e-06;0,0606857245607883;1,0511843057328
"clong_scaffold_9_000933";726,211962187068;4,15192945356902;0,83555705392683;2,57982520450652e-08;9,52692593378481e-06;0,457422516691084;1,07472331062367
"clong_scaffold_6_000300";1302,29631873831;3,26092999155869;0,656394041388918;2,84764895120852e-08;1,03516488827916e-05;0,285107565698764;1,07414553787312
"clong_scaffold_4_002730";868,59442450915;1,65280715057175;0,330570316152664;3,32808400589914e-08;1,17314961207945e-05;0,0725153995683246;1,06883467292835
"clong_scaffold_1_001044";2374,46805082421;3,31163655914167;0,671105462041114;3,46866305089517e-08;1,20445441610561e-05;0,298872100651763;1,07408130187461
"clong_scaffold_4_000969";772,355711324687;2,33983640481082;0,473678915175894;3,62112447590771e-08;1,20612772380122e-05;0,147622619706261;1,07389141542178
"g30931";158,522868580682;3,37273990058796;0,684640341560017;3,53285767031647e-08;1,20612772380122e-05;0,282289386413931;1,07560920972808
"clong_scaffold_8_002201";1148,78303514787;4,12343511794583;0,845467244260924;3,90422330457265e-08;1,26155215529004e-05;0,468985644619843;1,07821501336893
"merge_omniscients-gene-1926";41,3486413789423;6,31375080243028;1,25183023610074;4,220383600186e-08;1,34503047203188e-05;0,606755106020647;1,08070788179509
"clong_scaffold_3_000836";267,248435654422;2,75457786992834;0,5639919971763;4,72347149648106e-08;1,4850211400761e-05;0,206446271245996;1,07606316835733
"clong_scaffold_8_000934";2688,28985343818;3,75092962178957;0,775003458094782;5,0949264926699e-08;1,55965085331533e-05;0,397711403760596;1,080391240709
"clong_scaffold_6_001250";4482,24193588413;1,46634938126188;0,298492605640674;5,47901803103792e-08;1,63422249348842e-05;0,0600029870785257;1,07157075359734
"clong_scaffold_4_002351";2384,92498733324;1,10925893925017;0,226019152707897;7,12875287705135e-08;2,02256628883658e-05;0,0345082015038698;1,06890737728356
"clong_scaffold_6_000729";14304,6212679278;1,66344441586676;0,344886922740055;7,91075383769895e-08;2,19099628611983e-05;0,0798547858964706;1,07490099814846
"clong_scaffold_7_002587";459,79926898722;1,6449019809224;0,344523400369753;1,02436811931992e-07;2,647991588442e-05;0,0771470520778876;1,07646323631561
"clong_scaffold_6_000908";280,038954842888;2,167322448479;0,463846177942925;1,37763554322454e-07;3,40964796948074e-05;0,138380451726494;1,08159307928576
"clong_scaffold_5_002644";2082,60515728538;1,77196662464079;0,378825631042951;1,5455162080767e-07;3,69588401840207e-05;0,0952968680119654;1,07984390703827
"g21411";5038,34338245036;4,29825625053198;0,946827547367904;1,90991183693337e-07;4,39941573131235e-05;0,580932984316371;1,08851977103385
"clong_scaffold_5_002779";735,956421793035;5,29247563968828;1,1772848568654;2,19479792194956e-07;4,93998732770563e-05;0,883187693219932;1,08973271524265
"clong_scaffold_9_000713";2041,669228884;1,42475444529448;0,308683116477353;2,2082900583769e-07;4,93998732770563e-05;0,0632608609091082;1,08155074330789
"merge_omniscients-gene-1840";2561,86722738664;2,02254983194457;0,442629866725543;2,41838304352206e-07;5,19646511474514e-05;0,129377096408565;1,08406731062127
"clong_scaffold_7_002464";200,672804559573;2,9252146512729;0,646870877282867;2,48731576452053e-07;5,26067284196091e-05;0,265587746091744;1,08768850745573
"clong_scaffold_1_000845";2651,43686092972;1,33628196797163;0,289392667143269;3,18927641611499e-07;6,68455097485723e-05;0,0560038337817234;1,07040971217079
"clong_scaffold_4_002746";1512,11325062689;3,08850258050506;0,693805702182536;3,47676687022548e-07;7,2220518960532e-05;0,313412999821974;1,08999482100118
"clong_scaffold_7_002521";5975,03365269391;1,163500409902;0,257494408786387;4,38221069519243e-07;8,74362027714324e-05;0,0445599639502506;1,08157483959878
"clong_scaffold_7_001901";255,144535478229;1,73867162243835;0,39283441358665;4,98690671437954e-07;9,72343792332115e-05;0,0984077221205161;1,0880883499016
"clong_scaffold_4_000972";1613,43854857739;2,25022048962924;0,514805734620555;5,59109130895708e-07;0,000107501437440402;0,173493718320284;1,09376329581412
"clong_scaffold_5_002778";1281,14451646481;5,22282097215509;1,22093312457943;5,79425029234055e-07;0,00011049445332074;0,943189749961277;1,09780643948199
"clong_scaffold_4_003560";27739,2983583649;1,22158113721121;0,274982507904478;6,11940992198168e-07;0,00011481296115718;0,0507601987144838;1,08393762194709
"clong_scaffold_10_001077";17580,8345181272;1,4826014474007;0,336461341929834;6,17226986613475e-07;0,0001148782867485;0,0752858044245258;1,08731333241826
"clong_scaffold_7_001014";11154,4601117327;1,29696284707588;0,297134548348224;8,2114746259925e-07;0,00014695381321055;0,0588989501170034;1,08763400548161
"g10118";1065,55467540938;3,07067053022987;0,727707816569098;9,82610705810344e-07;0,000169559652491013;0,340878500202942;1,09899031656281
"clong_scaffold_10_001608";66,6399499065525;2,8328935799779;0,669804106403513;9,69137649191673e-07;0,000169559652491013;0,265141614135166;1,09983669708387
"clong_scaffold_6_001418";312,160364476233;1,868670284995;0,441361929270433;1,12904051242608e-06;0,000187622339439947;0,123939001343224;1,09641101090969
"clong_scaffold_6_001596";4657,48136713745;1,35913355787759;0,317482711072495;1,14082940034521e-06;0,00018823685105696;0,0667537199158908;1,09157153438488
"clong_scaffold_7_002443";523,613325991977;2,73468903551134;0,652430570458448;1,16948308011912e-06;0,000190265901111687;0,272539855335578;1,09897402676817
"clong_scaffold_4_001417";3253,23558578823;1,20111341982472;0,282822394164393;1,44437780744123e-06;0,000230160614315892;0,0530971507355716;1,09242544221737
"clong_scaffold_5_002443";1182,58505175768;1,7617504214598;0,421820713089727;1,45787468405911e-06;0,000230730983160783;0,116112990878488;1,10184959810468
"clong_scaffold_6_002175";3547,78472308841;1,35120068020926;0,320059119772614;1,48121716959176e-06;0,000232841334125354;0,0675876135915161;1,09400898499626
"g16454";4382,63438811728;1,08285865340473;0,256181656687028;1,78213948650279e-06;0,000272772862851891;0,04383496953366;1,09062024995703
"clong_contig_509r_pilon_000001";530,79786032155;2,248204946776;0,54862804521427;1,85660700374664e-06;0,00028231347674618;0,192330653229719;1,10309107674062
"clong_scaffold_9_000805";6087,6617938447;2,47082650684339;0,606878985388615;2,02019215052466e-06;0,000303224325044878;0,237367378324631;1,10420437732365
"clong_scaffold_6_001354";435,48910746732;1,21560643182837;0,292278140416088;2,15474239028854e-06;0,000321346677628608;0,05451193248266;1,09532887169345
"clong_scaffold_9_002250";1218,35715037486;1,46119628659957;0,354771218128731;2,17228549424698e-06;0,000321899503335388;0,0819475336886182;1,09924407186449
"g42216";283,46642715379;2,6127060753815;0,645240071014268;2,18656620390929e-06;0,00032196495401234;0,262835178443118;1,10541553802136
"clong_scaffold_9_000603";4250,25349564677;1,49446504375508;0,364552764228935;2,26337850976071e-06;0,000329109381434893;0,0872219617539338;1,10214629936155
"clong_scaffold_6_000149";172,483734097621;1,85942778072752;0,458562431549432;2,36059371284773e-06;0,000339007485983966;0,129089086258462;1,10386984092473
"clong_scaffold_7_001471";369,596252577238;3,81709112164239;0,962135208837434;2,50561264044361e-06;0,000355445598048297;0,577035530870024;1,11102048194954
"clong_contig_4496r_pilon_000009";1379,66072879991;1,20210033462917;0,295887546924696;3,21216062383301e-06;0,000431941654639144;0,0573017048505804;1,09979314048796
"clong_contig_1771r_pilon_000001";545,73328853798;1,94057560651568;0,491184020065568;3,68851602730671e-06;0,000466376768343971;0,153648786792622;1,10923286442691
"clong_scaffold_4_000974";1370,10375576615;2,09528925544469;0,531948575883048;3,67147186228442e-06;0,000466376768343971;0,181278484262345;1,11067611118476
"g42390";1160,49105695907;1,77688801082721;0,450026992809157;3,72405738296867e-06;0,000468325378458195;0,1303240433591;1,11090835418336
"clong_contig_1072r_pilon_000012";69461,8941639528;1,90350494298187;0,4844392587901;4,1264307224557e-06;0,000513376528117283;0,151521963959992;1,10931763001582
"clong_scaffold_7_000371";595,511035390125;2,79680722014649;0,725903319882317;4,31740128739494e-06;0,000531451539424568;0,328853717460953;1,11678452773855
"clong_scaffold_1_003719";355,349201054346;3,75154892612325;0,986164602533442;4,48007365945259e-06;0,000545701118780966;0,590620008434739;1,12045856439455
"g16664";10934,9097658326;1,87984408511915;0,481245518393571;4,51067768406749e-06;0,000546567272499115;0,149305472858259;1,11080188458418
"clong_scaffold_8_002245";5600,95936347003;1,4340627857108;0,3639294879871;4,63593148621584e-06;0,000555953330035111;0,0863961222474074;1,10707748012372
"clong_scaffold_3_002083";1806,8273016938;2,52733726747294;0,657683225432193;4,93993860551069e-06;0,000577525988227167;0,274007930190011;1,11625434108115
"clong_scaffold_8_002176";1375,02845238579;1,04647568866354;0,263505887910792;5,13098876658257e-06;0,00059389280425146;0,0456908044561582;1,10477087078484
"g43844";1851,79716222288;1,40456925520435;0,35909552676716;5,28270874375188e-06;0,000608426826353403;0,0836897261826256;1,10826072116103
"clong_scaffold_1_000880";8354,22366154082;2,33226446173745;0,613770230470015;6,15105961722412e-06;0,000683704475930752;0,239366572844399;1,11761080866962
"clong_contig_2080r_pilon_000007";958,684472759087;1,35899033800231;0,351394277177505;6,48366111336673e-06;0,000701592445592917;0,0796678244099508;1,11036090047399
"clong_contig_10501r_pilon_000003";325,111930325227;1,09790201639689;0,280114306832168;6,47323597692076e-06;0,000701592445592917;0,0493355937707412;1,10435266147313
"clong_scaffold_5_001079";937,138980834864;1,1785597448377;0,302289561642718;6,45695376031899e-06;0,000701592445592917;0,0592240283824933;1,10670032677574
"clong_scaffold_1_003732";1907,87634509867;1,03350718560797;0,265065442999983;6,68158663307578e-06;0,000719662560270871;0,0463944259928312;1,11127064733538
"clong_scaffold_10_001943";14202,9554274745;1,21652400638868;0,314486402158352;7,14801911889519e-06;0,000759354633794961;0,0649453188219723;1,1083960270166
"g5119";482,192341422503;1,67002750930314;0,440545203644937;7,4668106943821e-06;0,000786042311333934;0,122444363780975;1,11683545450089
"clong_scaffold_11_001397";405,469043252351;4,20471187046677;1,16357623130661;8,46931658000099e-06;0,000864204606288259;0,806723214524124;1,13131128275558
"clong_scaffold_11_000876";2019,37135055918;1,31332425834084;0,344162169523016;8,63828259546968e-06;0,000877596701238438;0,0767442744304868;1,10939314538563
"clong_scaffold_2_000927";383,825285146811;1,05788981898305;0,275684612821502;9,17812839577771e-06;0,000920384297964519;0,0478141114934643;1,10914973077815
"clong_scaffold_3_002628";85,9154691192504;2,14122864683047;0,581408232436315;9,73953050808521e-06;0,000965498689941168;0,198577637128799;1,12481310031007
"clong_scaffold_4_002726";893,246715819605;1,35737840220429;0,362586296601417;1,04663420037577e-05;0,00102310691898077;0,084204726606073;1,1175999019923
"clong_scaffold_2_002085";279,394944971361;1,14048112697345;0,301664187191076;1,07324986304399e-05;0,00103052396413269;0,0562984046420708;1,1127886085121
"clong_scaffold_4_002117";19763,1567953716;1,05473229406486;0,277401669691735;1,07636932423917e-05;0,00103052396413269;0,0508707398991275;1,10933909550198
"clong_scaffold_7_002530";925,746477862986;1,85691282127876;0,50557415250974;1,07510493551552e-05;0,00103052396413269;0,161260835739237;1,12531619265244
"clong_scaffold_2_001123";822,985296560695;1,32454823079182;0,359453476588744;1,19250044615973e-05;0,00111419770602033;0,0823071053438359;1,12532571039405
"clong_scaffold_4_002740";428,276208384818;2,70259315719083;0,755400404512464;1,25260468884328e-05;0,00115185170300154;0,350744419653024;1,13360841467882
"g21591";47,1990251188156;3,2873302476128;0,92309754670868;1,32015359251129e-05;0,0012091879263691;0,475337115454219;1,13459822803318
"clong_scaffold_10_001615";464,014880799933;1,51306554744181;0,413839730922641;1,33693463108275e-05;0,00121499157000548;0,107642952387553;1,12367637680225
"clong_scaffold_5_000277";925,969591033119;1,10726770179948;0,297286430726046;1,36178338639179e-05;0,00123275838460719;0,0570201941978391;1,11481609396653
"clong_contig_9341r_pilon_000010";1687,39425552269;1,39841018120071;0,385972072819283;1,61776423849202e-05;0,00143653759574492;0,0950072198252147;1,12439527412396
"clong_scaffold_3_002220";212,349914597657;2,51216256855819;0,715933290794792;1,74386419347208e-05;0,00151384330078835;0,301604034547072;1,13543409904364
"g38498";154,043458857749;1,54270063709792;0,431685603795036;1,80109784553463e-05;0,00155194597690234;0,1101323068401;1,12862538810452
"clong_scaffold_8_002600";1104,40051165634;1,44792034442684;0,401800585207598;1,85062703170563e-05;0,0015755267186819;0,10239352150215;1,11995730770207
"clong_scaffold_8_002604";11183,7378995719;2,23028147491601;0,635974142727586;1,87241077586295e-05;0,00157832017030622;0,252034486044527;1,13500981076657
"g37223";40,9985226007646;2,42123010784692;0,691545354133845;1,88709692676969e-05;0,00158495703975801;0,257783730616419;1,13792954195225
"clong_scaffold_1_000378";167,392400060932;2,20022815384834;0,6287413332945;1,94513825330853e-05;0,00162199431767824;0,2378732906955;1,1355494327058
"clong_scaffold_7_001559";256,050381467377;1,88971146012163;0,53815625649208;1,97452769985654e-05;0,00163021507324854;0,176785909133886;1,13501723642363
"g46032";16264,7863880991;1,80031106041315;0,511260054060131;1,9862580742044e-05;0,00163021507324854;0,164683601319299;1,13306309506242
"clong_scaffold_9_000644";2497,43725704152;1,08688969685289;0,299904039871709;2,01414129529807e-05;0,00163842647675209;0,0585971037567406;1,12196513063288
"clong_scaffold_3_003008";1375,02207957634;1,71579110380199;0,489157021096489;2,12981563868118e-05;0,00171453843715978;0,149989074381819;1,13394991815644
"clong_scaffold_9_000355";3154,62964178199;1,18833615976647;0,331886428164677;2,1922372487317e-05;0,00175265977978498;0,0710791255534932;1,12465565231739
"clong_scaffold_5_000061";93,7567250257106;2,6836888878206;0,790882624988622;2,41738713819402e-05;0,00190645802610454;0,352986276139621;1,14572554961626
"g18904";466,334011279843;1,21148241119065;0,341732516394424;2,47510115807721e-05;0,00193348117800281;0,0729211597689107;1,12735749086335
"clong_scaffold_5_000089";212,932751563643;3,84812839915833;1,15414009512452;2,51886662484672e-05;0,0019468914294704;0,779005022137963;1,14957339131697
"g42423";9388,75647680874;2,01704839209829;0,592482120435122;2,83060047239162e-05;0,00212431999968358;0,217865900981323;1,14153903825966
"clong_scaffold_5_002657";193,633913460141;1,66625255935343;0,486464799921863;2,91988657284675e-05;0,00217728080504101;0,143903462642287;1,14022269326466
"clong_scaffold_8_001753";65817,0919757736;1,71280876899291;0,501934624560821;3,05476865250974e-05;0,002234880273605;0,157896000632268;1,13944858458297
"clong_scaffold_2_001700";1582,70211644368;1,294863305268;0,378654513345243;3,22467740980608e-05;0,00232987950121548;0,0905807352674679;1,14165574540066
"clong_scaffold_1_001049";3391,12960251788;2,60714751034947;0,786743651182454;3,28966160913307e-05;0,00234766801645647;0,376614906632628;1,15199290430545
"clong_scaffold_5_000084";214,892057029993;3,82735196278974;1,18513201771834;3,55037734520771e-05;0,00251062397982545;0,811101124412042;1,15696936763521
"clong_scaffold_1_003666";3040,2685931754;2,18048970415911;0,658718554885318;3,72625995728036e-05;0,00261651939573441;0,265642892801417;1,14910854422451
"clong_scaffold_7_001543";6500,93577813539;2,0764767145576;0,625781349585823;3,73386821140694e-05;0,00261651939573441;0,240751073692412;1,14814886894671
"clong_scaffold_9_001666";689,57814388925;1,22368089023933;0,358062065414646;3,80330436330077e-05;0,0026571734538196;0,08069089122383;1,13688370258052
"g25121";384,807285780159;1,32154804157299;0,390978524516965;4,06566894158487e-05;0,00281511273589203;0,0945387769906341;1,14010885980251
"clong_scaffold_8_002244";4139,76194667608;1,3609925109038;0,405624098829547;4,34459578751646e-05;0,00296413551309591;0,103899472097027;1,14189874276024
"clong_scaffold_3_001190";78,9677112947008;2,53026838921932;0,778870159980084;4,47657324652565e-05;0,00301979888141606;0,33667804843247;1,15603656682493
"clong_scaffold_9_001573";858,751320139511;1,64393811215713;0,498726056369487;4,56838470293369e-05;0,00307177659288301;0,153303108983443;1,14928435869031
"clong_scaffold_1_000295";31,6639458311101;1,70556858937909;0,52404460307512;5,12414428218688e-05;0,00336201838495537;0,135868968708578;1,15345604598227
"g19961";265,164147664844;3,01540523305824;0,956875458444232;5,13009467723686e-05;0,00336201838495537;0,533771878735137;1,16388562163358
"clong_scaffold_5_001013";728,710079252551;1,46069942221416;0,445322670388396;5,20380217766862e-05;0,00340074319279383;0,122698255031155;1,14884069014176
"clong_scaffold_5_000451";189,015306178442;1,47914089838554;0,451083734846147;5,27495400603758e-05;0,00342798337850459;0,119807951127522;1,1510646554635
"g27943";363,194576143842;1,35314872667755;0,411150368890358;5,44431296435614e-05;0,003508641028137;0,103842454750211;1,14647430614372
"clong_scaffold_5_001700";655,658467406769;1,04373651676567;0,310883831254698;5,64731366779209e-05;0,00360673662470661;0,0607887976551243;1,13624165990823
"clong_scaffold_2_000711";372,484561275615;2,78546905216511;0,891088583613963;5,79848063142904e-05;0,00366580575788578;0,465818847997035;1,16622052742549
"clong_scaffold_2_000097";963,838105742966;1,11888226395961;0,338938208270248;6,31789574127397e-05;0,00393010279199837;0,0724397966186071;1,1425735078726
"clong_scaffold_7_000330";29,9686317212247;2,62451828321212;0,83985908330971;6,43858929441426e-05;0,00398387712591883;0,352206206548618;1,16882770512197
"clong_scaffold_7_002469";1969,93417159877;1,16796466441876;0,355942906685974;6,43598594377285e-05;0,00398387712591883;0,0802374491512967;1,14510114820604
"clong_scaffold_9_001379";10611,4884347021;1,15421500318843;0,353959416887422;6,81559223531872e-05;0,00415090977368299;0,0797870218152702;1,14870564598634
"clong_scaffold_1_000820";20,4646546816175;3,00588690808025;0,972276812918605;7,02928820567457e-05;0,00426987963720676;0,455326252622872;1,1679259048732
"clong_scaffold_1_001412";9801,48248435964;1,07722827405019;0,328311988969687;7,06687410374017e-05;0,0042815319276957;0,0691046210391803;1,14327346036017
"clong_scaffold_8_000801";387,192465843851;2,11736154735411;0,682761641217407;7,47103859205238e-05;0,00449131040940823;0,277253570052379;1,16655595761427
"clong_scaffold_9_000046";290,987863002785;2,15663306350125;0,699055896876027;7,58627991021764e-05;0,00452550774644137;0,28757955228407;1,16927745260859
"clong_scaffold_1_001400";9595,03937551107;1,0603435154317;0,325635468934782;7,82757888085242e-05;0,00464562812915897;0,0679710348570845;1,14486215820109
"clong_scaffold_11_001420";167,990823528746;1,57861530848087;0,504460387364455;8,22065502764184e-05;0,00482963482873958;0,147729743915988;1,1631844134169
"clong_scaffold_3_000693";585,43938841366;1,85034019418744;0,602012675531041;8,61691313364435e-05;0,0050118121013559;0,215986098178222;1,16906148702498
"clong_scaffold_9_001626";328,692063186611;1,52738403298996;0,490398951001254;8,77970879390944e-05;0,00508109266393789;0,144395266192362;1,1635072007148
"clong_scaffold_2_002015";110,596085087149;2,57735170026392;0,862593057693972;9,09297328033092e-05;0,00522340798436787;0,418533547595232;1,18013651857012
"clong_scaffold_2_002813";55,7346541479816;2,13168579238344;0,707036253412106;0,000100116818575842;0,00562612991344679;0,274046499212222;1,17596102189603
"g42288";25841,0429407175;1,299278725565;0,417739043090024;0,000103008227178652;0,00574696979690967;0,108628927388032;1,16058216541495
"clong_contig_3600r_pilon_000005";738,926365971488;1,47490117533235;0,48146828481588;0,000105209019449319;0,00582782818449621;0,140307589931365;1,16761836711441
"g40722";423,838498481791;1,14655231749099;0,366277792662339;0,000108629554319687;0,00596288560510207;0,0819072626820513;1,15762248621407
"clong_scaffold_1_000163";615,99139042135;3,21174103376291;1,12549642770137;0,0001187344099062;0,00642408382899478;0,708898360662102;1,19146933195449
"clong_scaffold_4_003444";745,545510796403;1,27425711171612;0,418441395008059;0,000126565814039213;0,00673717169591435;0,1074186096603;1,16750269733967
"g36537";3396,29409632838;1,29454842987355;0,428470033577464;0,000131527526472233;0,00693237690135171;0,113060287053368;1,17116976229238
"clong_scaffold_5_000790";17,0189894969112;2,33079270679968;0,787848217038465;0,000132912015340635;0,0069801310088033;0,263037570048578;1,18530527686319
"clong_scaffold_5_002635";2387,75962485382;1,29028276159677;0,42796472773343;0,000138265602802211;0,00721244226276557;0,112680964966141;1,17006737490739
"clong_scaffold_7_002240";310,879834578649;1,04508160204615;0,343705545034721;0,00015548431310811;0,00800297023110659;0,0717630392312548;1,16581493961361
"clong_Scaffold2_RagTag_0050_000005";9864,32684216996;1,66383369253086;0,57381917610391;0,00015808945672182;0,0080834092541388;0,196097914236432;1,1849838848403
"clong_scaffold_9_001642";361,203840040143;2,6917999500728;0,964315466592502;0,0001602610171473;0,00817647492090335;0,521033709333871;1,19726242862163
"clong_scaffold_6_001047";572,738767467231;1,10503418707149;0,36803316292568;0,000163556881129345;0,00830818960583891;0,0830976399753628;1,17066438537166
"clong_contig_8639r_pilon_000002";296,637247823615;1,34261041153691;0,453621034480244;0,000168758424809775;0,00847536838645562;0,122272841849498;1,17160489789008
"clong_scaffold_2_001205";2933,82108219879;1,3002109034515;0,441875543644241;0,000171167567169347;0,0085272236620875;0,119206753571369;1,17733785177699
"clong_scaffold_4_003391";317,037295742077;1,45894694635631;0,504791454167286;0,000179432831133397;0,00884428986508154;0,149754177071432;1,1848761662298
"clong_scaffold_9_000574";529,199712326342;1,07027260936246;0,357162796003518;0,000180255846912816;0,00886338161011622;0,078384983051218;1,16695528248565
"g27041";3744,75497365661;1,36018960860964;0,470001961030694;0,000189554536727615;0,00913111318816629;0,13366551230649;1,18306383794905
"clong_scaffold_5_001053";1233,77722900339;2,16509826078619;0,777539871793296;0,00018928405650484;0,00913111318816629;0,346133901023156;1,19708071715414
"clong_scaffold_5_002415";127,640005755922;1,06395402871018;0,358121483359772;0,000193940239004035;0,00926492743414556;0,0705472565186653;1,1710490229046
"clong_scaffold_11_000669";1156,61479465709;1,44328838215899;0,502388879928851;0,000193765052050653;0,00926492743414556;0,150495859892619;1,18400007005459
"clong_scaffold_10_002241";4550,72186956204;1,49842245374079;0,526832688060932;0,000201568358688317;0,00955089178184053;0,16526592865698;1,18866455769306
"clong_scaffold_1_002524";85,014014107567;1,66558270128361;0,594372415538952;0,000207528883744313;0,00971460660022423;0,195331912633072;1,19576151325037
"clong_scaffold_1_000162";1011,12833369525;3,11203332149822;1,17870527433423;0,000213770405731716;0,00992806034956486;0,749577220921051;1,21491763029434
"clong_scaffold_6_000669";54,7837228773808;2,82568816449591;1,06059202829376;0,000218875412220495;0,0100635108010075;0,589291529355394;1,21600319074269
"clong_scaffold_2_000006";2296,66172711167;1,68908937813547;0,607420134403677;0,000222134281356926;0,0101932032658163;0,215741575335134;1,19750072516997
"clong_scaffold_4_000667";305,234123044092;2,192012655269;0,811222762572732;0,000230093065888964;0,0104397446350726;0,367421794403168;1,20761142070861
"g24122";152,444272614103;1,72670654168305;0,627207869506687;0,000236242817238858;0,010610403751085;0,221030461324113;1,20234087079385
"clong_scaffold_3_001984";156,890224764318;2,33207319861798;0,875202809890281;0,000242697047190763;0,0107815703194836;0,410936832708405;1,21576573361316
"clong_Scaffold5_RagTag_0001_000057";207,193280032909;1,09673308744226;0,382226428167403;0,000251816876586321;0,0110122549507157;0,0843337210717029;1,18242475779526
"clong_scaffold_5_000226";1152,7892399249;1,1277013309145;0,398546837683258;0,000272435144840716;0,0116084315837349;0,0967303474165702;1,18835085737873
"clong_scaffold_2_002076";269,824952665192;2,25836238385457;0,867081972346397;0,000283353528641386;0,0119017444051187;0,410394833686778;1,22246785549747
"clong_scaffold_10_001523";1208,11932131191;1,18627231680779;0,425681989158645;0,000286725057028167;0,0119652115176477;0,109028126228272;1,19499210841369
"clong_scaffold_11_000757";3421,52919843264;2,07128319801063;0,788064715529122;0,000291471445670512;0,0121307391476287;0,348486720833933;1,21690303398957
"clong_scaffold_8_002299";3103,64272006639;2,49180686810926;0,969464426149445;0,000299961013487066;0,0124395596769636;0,512547699315835;1,22417800528301
"clong_scaffold_4_002080";703,114001793573;1,1641248794487;0,419700485678958;0,000301917512181453;0,0124779761775467;0,105742749645188;1,19717364803935
"clong_scaffold_3_001059";13506,2947314616;1,51761792543002;0,562832754706083;0,000304837835019311;0,0124860074502188;0,185174123903639;1,20646071455929
"clong_scaffold_1_001267";1957,05846652029;1,27895214835859;0,469600380093745;0,000326364299414169;0,0131364453734786;0,131147407433318;1,20173929942535
"clong_scaffold_5_000373";8,4849442238453;4,36060006215021;1,62057954432563;0,000331715776989765;0,0132829045639705;0,555693181441404;1,22443143719501
"clong_scaffold_5_001077";7445,84655352298;1,08030479134895;0,3882739527021;0,000333503135291048;0,0133315299700107;0,0925745741611295;1,19111138336262
"clong_scaffold_1_003875";157,965009035613;1,58625491894772;0,601190363981512;0,000337420686511946;0,0134419388214048;0,19832297225745;1,21583085463279
"clong_contig_1561r_pilon_000002";1611,71671570689;1,09760510906137;0,399654256221603;0,000338621795761123;0,0134667283391154;0,0971322610858081;1,20302510942725
"clong_scaffold_1_000360";1685,55487721469;1,84971127605131;0,716344119408052;0,000351572859289911;0,0138868294930047;0,288014795271613;1,22322084454057
"clong_scaffold_10_000673";195,737659248858;1,55448820430775;0,592406251270951;0,000354079127016373;0,0139621201526032;0,195159962103959;1,21808506432228
"clong_scaffold_4_000983";1733,59210700632;1,37601770298913;0,518209642475673;0,000367828795798128;0,0143296695737862;0,157107581155202;1,21114869006577
"clong_scaffold_4_000235";54,2310663895523;2,09023987455364;0,806866817395566;0,000372661183919359;0,01437804717062;0,27177855653756;1,2273133828761
"clong_scaffold_5_002666";18,6912170716695;2,76437428559926;1,09557823407168;0,000372262986068826;0,01437804717062;0,538699000520395;1,2355099068132
"clong_scaffold_7_000304";249,502892088419;2,96395777422943;1,23332466651283;0,000383189143570725;0,0146868128915534;0,765725395816717;1,2491570310946
"clong_scaffold_5_000507";107,489194052849;1,98012055842005;0,783448660083399;0,000387173356591854;0,0147907851249745;0,320005623695471;1,23440531621757
"clong_scaffold_6_002661";3505,75934297694;1,17877752698261;0,436888064269008;0,000395790109089562;0,0149724502243393;0,114922351468577;1,20174784802889
"clong_scaffold_2_002592";1307,62441575459;1,41964512958842;0,544483453621831;0,000398530625498161;0,0150029368967876;0,171511340576238;1,21945262348583
"clong_scaffold_11_001797";33346,1209115247;2,49026058674583;1,0117186250303;0,000401822390946776;0,0150537808782234;0,546429253793096;1,23746600379337
"g21641";532,894832499661;1,206808542733;0,453438086670354;0,000409450772267289;0,015265820860254;0,120797146781306;1,20877725378861
"clong_scaffold_11_000453";9,90311438719095;5,3166105052236;2,76426786936598;0,000412631611333838;0,0153597991002908;0,918306003631053;1,09890652921296
"clong_contig_5745r_pilon_000015";1008,29789150275;1,02741551171114;0,377321220338216;0,000417775566325254;0,0154769881378297;0,0865969024303957;1,19732556421311
"clong_scaffold_8_002142";435,08639590974;2,34646172241766;0,96747494828013;0,000437150976762465;0,0160652579714415;0,49445577861318;1,24518632686951
"clong_scaffold_7_001663";727,896574451596;1,38930992699043;0,538174443544585;0,000439485683951887;0,0161017865151821;0,165922733362101;1,22251212006256
"clong_scaffold_6_000319";449,425424032876;1,67744937548326;0,666580529021645;0,000448060847548933;0,0163387705614826;0,247004087266841;1,23166455417366
"clong_scaffold_3_001989";3415,18192513966;1,12033349255707;0,422951599356948;0,000461762743421662;0,016785797227664;0,107438642646467;1,20860328596444
"g19791";81,4368755562365;2,21458507086248;0,919788829620687;0,000469125931401554;0,0170003345701825;0,422815033248793;1,25145544369552
"g20294";1996,16481881835;1,03188771128006;0,385338508190957;0,000469877983378353;0,0170011061948637;0,0902969625443754;1,20311367464426
"clong_scaffold_3_001054";2912,11670746171;1,33915603965051;0,521991892113421;0,000478162505742817;0,0172472103815607;0,158075082408003;1,22276881221848
"clong_scaffold_4_000343";43,1817978574517;2,20596824660189;0,915102424666545;0,000495928748253299;0,0177231679387297;0,421118798071131;1,24888041074687
"clong_scaffold_1_000046";193,607258266871;1,25292532235602;0,489426377629323;0,000509561554265686;0,0180440632572164;0,133522509171232;1,22368708138309
"clong_scaffold_8_002141";676,699897482134;2,07571935351281;0,869476855492566;0,000521417988623201;0,0183521777690148;0,401905412820994;1,25081108947244
"clong_scaffold_6_001950";1007,15179348773;1,26634229200214;0,494408239177554;0,000527302259117841;0,0184754323168322;0,141642955628608;1,2179549291516
"g1042";3650,34548275704;1,19076480826358;0,464896143389448;0,000531886156410658;0,0185464446710397;0,127080510146805;1,22281948687202
"clong_scaffold_11_001344";717,617905021921;1,63558180701373;0,672076940776826;0,000553893920269966;0,019062636176155;0,248695518449684;1,24421584001853
"clong_scaffold_8_001555";329,922007241425;1,52365866585135;0,623409734292527;0,000574208972611036;0,0196455466879349;0,214291954105522;1,24251555343237
"clong_scaffold_5_001030";31,3000378929541;1,55787508729366;0,638283324102099;0,000594118052344379;0,0201783306391124;0,186913618589929;1,24575580013772
"g46597";4452,71454977709;1,31009131113944;0,526848347364186;0,000596296823262394;0,0202228069871714;0,15953108209436;1,23380253918851
"merge_omniscients-gene-4112";42,2447992298553;1,93908075078729;0,820947487559164;0,000627417467323495;0,0209725105995418;0,315634921864997;1,25840386419416
"clong_scaffold_10_002083";1168,00803814533;1,78168096430165;0,757749837637798;0,000629709214125573;0,0210189165948801;0,308125536127663;1,25739664125491
"clong_scaffold_7_002807";2483,20350227795;1,90199617432269;0,818095415318075;0,000639288013852384;0,0211565229619854;0,354790829112156;1,26049510566535
"clong_scaffold_8_000764";194,861628761148;2,38384688019936;1,05774804148677;0,000636980212996053;0,0211565229619854;0,558907572571008;1,27182187531558
"clong_scaffold_7_000048";1462,93806638579;1,92219540307338;0,832210404256307;0,000660051185630438;0,0216282969488622;0,36542215248561;1,26317277943776
"clong_scaffold_3_001191";44143,2084255205;1,47381061388434;0,62002886310478;0,000702000583204561;0,0225269566458678;0,213493797807437;1,25154750782527
"g29010";301,03789692454;1,3264614862185;0,551464547247156;0,000701919557854687;0,0225269566458678;0,167962119951567;1,24791046677544
"clong_scaffold_10_001931";18398,699356199;1,24388993366074;0,509902845367197;0,000706510938621286;0,0225832466934492;0,149475784335518;1,24032027007031
"clong_scaffold_7_000368";4291,10973711708;1,19909503175801;0,49246116925043;0,000724356900350599;0,0229509748412039;0,13973196651854;1,24225054067168
"clong_scaffold_5_000576";511,540329674327;1,20961950599464;0,497851733896974;0,00074416345623776;0,0233643222798536;0,140812772050413;1,24191098811512
"clong_scaffold_4_000391";38,9463734206685;1,74015761309663;0,753865718346009;0,000747410535182449;0,0234346443409969;0,257896275060999;1,26733802971685
"clong_scaffold_5_001172";127,058411281879;1,32075959148724;0,554145102307736;0,000753094732583213;0,0235493937547694;0,162151765077341;1,25152738938558
"clong_scaffold_4_001318";3152,45999737185;1,37321972122758;0,580177382370291;0,00076922631571806;0,0238614003135742;0,188083080458417;1,25231202620275
"clong_contig_2428r_pilon_000004";144,662499789706;1,926961644586;0,863866785105491;0,000779233818682083;0,0240436005194147;0,376125582715241;1,27896293197538
"clong_scaffold_1_002049";76,0200076567729;1,4219565815439;0,611877327868886;0,000809374752893458;0,0246213268146852;0,184695219382609;1,26364353235976
"clong_scaffold_10_002200";166,595054271158;1,66835547027498;0,735952851374515;0,00081030800849543;0,0246213268146852;0,282426682114098;1,27198180423274
"clong_scaffold_6_000064";13854,6345273936;1,34337924711417;0,571177492800462;0,00081221385273129;0,0246364475668754;0,182516598051572;1,25465043322522
"clong_scaffold_6_002680";948,334645427651;1,37585630218368;0,589651034355709;0,000814840222126218;0,024652469022669;0,19186938368787;1,2596504523412
"clong_scaffold_5_000689";144,488196074726;2,10324438350084;0,966916906705082;0,000819360232881686;0,0247242747315077;0,462515315130176;1,28633984106176
"clong_scaffold_10_000195";461,735942220271;1,39920765065887;0,603036048393223;0,000827829739270318;0,0248830218141136;0,198271473077144;1,26117710921617
"clong_scaffold_1_001305";22015,0859100076;1,2212978643154;0,51269680361625;0,000833438622684942;0,0249548900344468;0,150046337620495;1,24857416971696
"clong_scaffold_1_000680";72,9718768112121;1,71694674511766;0,768410346045121;0,000851978230841659;0,0251858621861896;0,296556023412676;1,27870809989957
"clong_scaffold_9_002258";1358,63200168776;1,13609606353151;0,473128753037311;0,000850849255260841;0,0251858621861896;0,128836942682621;1,24563007167891
"g888";294,629546556491;2,36300832072336;1,13223582630798;0,00086219222463172;0,0253405572091862;0,606506121065729;1,30465675908708
"clong_contig_5448r_pilon_000002";3774,61238751302;1,74823992203763;0,790873245689218;0,000877472641989576;0,02558195616026;0,326126588075856;1,28089702849467
"clong_scaffold_4_000970";849,434939934457;1,40593685289299;0,613801508047885;0,000879926949309565;0,0256214023475432;0,205121712577485;1,2671352425295
"g14990";1245,49867912992;1,05075381218262;0,433251010132635;0,000887871878036416;0,025707462454845;0,109960178095388;1,23942251574527
"clong_scaffold_4_003283";329,258922910434;1,32528106275718;0,57923469309696;0,000931239001309863;0,0266070356464849;0,182717495897108;1,2674682613186
"g22652";68,7516857048235;1,71272976850624;0,789625737899235;0,000963706304671278;0,0272409176250123;0,302920630161413;1,29046806808322
"clong_scaffold_8_002575";70,567827671861;1,59407554968651;0,726296588942797;0,00096442610572171;0,0272409176250123;0,256238014029152;1,28685360400017
"clong_scaffold_6_003163";12922,8091858442;1,2435046907778;0,553943292723362;0,00100196964843153;0,0279506281423976;0,169577841415255;1,28365564761353
"clong_scaffold_5_002725";240,296278967057;1,80874692221455;0,851377736958994;0,00100779179794919;0,0280457849034544;0,361823851403249;1,29823078971483
"clong_scaffold_4_003568";582,813592712919;1,03635068950304;0,436407140135435;0,0010112743284142;0,0280881927509496;0,109815825604626;1,24870847239753
"clong_scaffold_4_000669";484,428923286894;1,59766502415983;0,737486645116329;0,00102001965825622;0,0282509016063464;0,281065720232119;1,29072077007388
"g6998";1037,3168858829;1,53390895322402;0,709158805128441;0,00105007072434086;0,0288769449193738;0,262795569816126;1,29310180447139
"clong_scaffold_2_000024";323,168069645441;1,31171665894944;0,589339060491366;0,00108065083565397;0,0294684954092895;0,186648114044488;1,27883478039705
"clong_scaffold_5_002694";343,12166669345;1,38188165834833;0,630217358503089;0,00110142702688667;0,0298642892192688;0,210617887777877;1,28540667580248
"clong_contig_6678r_pilon_000001";460,258313765706;1,07302569362561;0,462815994344985;0,0011042796474148;0,0298733325547736;0,121418294969367;1,25898154499801
"clong_scaffold_9_000850";542,827113700917;1,20743776871169;0,536430051915587;0,0011163497359086;0,0300252908738884;0,158562879562521;1,27361214436753
"clong_scaffold_1_000569";108,684990768324;1,91934370077137;0,933509465340502;0,00112203783970155;0,0301086624459708;0,419513806732663;1,31135470282646
"clong_scaffold_10_000674";390,430012154908;1,24822666104525;0,563545713512829;0,00115678234258514;0,0307923812359763;0,171429915216521;1,28133252168399
"clong_contig_872r_pilon_000011";4540,50382365168;1,15805605225334;0,515987670084277;0,00120215317848953;0,0314601728881428;0,149109966393426;1,27283223703896
"clong_scaffold_1_000735";186,167175854206;1,11760629392513;0,495163371185904;0,00124230908606721;0,0320904118103675;0,132281479153474;1,26925066350397
"g9744";220,815115421081;1,41125206758943;0,663125469854037;0,00124401528639528;0,0320904118103675;0,227453332773103;1,29786083824521
"clong_scaffold_9_002039";67,632383610213;2,71625232761555;1,53563280583242;0,00129767516764972;0,033127438370043;0,922817229732439;1,37030155133704
"g10852";24,545338985417;2,22680594415367;1,17033976151851;0,00131161590629132;0,0332430228435618;0,564049869663993;1,34728496667421
"clong_scaffold_3_001782";2005,2533799689;1,71694499026391;0,854018813137329;0,00132670046402161;0,0334169474715278;0,358738638621415;1,32036269033276
"clong_Scaffold6_RagTag_0061_000005";2433,23506875702;1,63138105495132;0,811364258686274;0,00137565026904016;0,0340473441587441;0,326499728138691;1,32104673912646
"clong_scaffold_2_003311";2065,51177470545;1,35621489668815;0,644224513727791;0,00138534540907523;0,0342051507596583;0,218534196800517;1,29991239636807
"clong_contig_323r_pilon_000008";27,7446381693134;1,67766704585105;0,832717912186827;0,00139243582025954;0,0343167577948498;0,298452899710803;1,32474408272788
"clong_scaffold_9_001489";148,869639860189;1,10994301828768;0,510195726314856;0,00145997020581505;0,0352346543965634;0,138955789926686;1,28723506468484
"g3946";62,6879064789043;1,60725620060074;0,810465897480895;0,00147586376840784;0,0354710439793474;0,308167102592944;1,32988379810867
"clong_scaffold_6_001726";58,7883838662531;1,25859118090632;0,596115129127676;0,00147813889740254;0,0354804043935866;0,17295550921473;1,30295228411285
"clong_scaffold_7_000070";208,829964702323;2,16451809147239;1,18773816169162;0,00149054701059832;0,0356398522112744;0,611963331701545;1,36042259673936
"clong_scaffold_11_001628";127,237289517021;1,98314211032314;1,06185020874913;0,00149207991826206;0,0356398760763521;0,481645550901177;1,35649924601493
"clong_scaffold_6_002620";253,816674814127;2,04899586531976;1,12560480235599;0,0015743421998167;0,0367372831281199;0,55620047423587;1,36160608228924
"clong_scaffold_3_000422";231,891870953809;1,11141136693228;0,523796898222778;0,00164274045491633;0,0378774595476992;0,146077499540048;1,29784121609092
"clong_contig_6350r_pilon_000001";301,290521226805;2,54693650880066;1,53410908135962;0,00165213749847711;0,0380564147545248;0,907946505898543;1,39118141430191
"g23951";1191,26692798353;1,15536494350566;0,553899698869007;0,00166641339692137;0,0382715771760864;0,164375659284968;1,30571701413686
"clong_scaffold_3_000428";229,419539680846;1,00395918251837;0,461534733125673;0,00167162638326082;0,0382779407544911;0,11620797964629;1,284424089302
"clong_scaffold_6_002054";10954,6927495432;1,78911400287592;0,973133480031369;0,00171795813316089;0,0390315390312385;0,433796246805591;1,35975662084182
"clong_scaffold_5_001821";460,691791782672;1,0733874624051;0,507675476063189;0,00174369485428837;0,039500546041888;0,140538657239297;1,29817938842022
"clong_scaffold_3_001677";2024,18537606879;1,83907587260757;1,02119367818833;0,0017643340583834;0,0398372231991064;0,466657427752212;1,36935605119487
"clong_scaffold_4_000678";251,650088539716;1,44873656917906;0,756566394786045;0,0017857621625778;0,0401675028221087;0,273004461992353;1,34672733827864
"clong_scaffold_6_002619";301,592017558048;1,25905897066742;0,628814183104103;0,00178867538894067;0,0401675028221087;0,2023015894764;1,32534486716619
"clong_scaffold_7_000969";186,213484728232;1,91382202860122;1,10176536892499;0,0018364413774601;0,0408068850492925;0,513927757112053;1,3870026512428
"clong_scaffold_5_002339";42,1111993861756;2,42940948776805;1,53172742846159;0,00185633021842049;0,041182682923835;0,807501041355416;1,42606031707369
"clong_scaffold_6_000655";5633,08024837218;1,2540390071848;0,630958035173213;0,00185866396174626;0,041182682923835;0,20609091730744;1,32757678863507
"clong_scaffold_8_000347";3507,78350303289;1,52524467200125;0,818547245987094;0,00189979120367407;0,0418151772502151;0,31949965720903;1,35638250965001
"clong_contig_8329r_pilon_000003";314,804075875344;1,0856297931067;0,527440841721646;0,00190555950706613;0,0418629291141581;0,147796484117252;1,3121767866862
"clong_scaffold_8_000694";107,198944705044;1,67945720764934;0,934923895743084;0,00193269701714448;0,0421666637935995;0,38802236841353;1,37395017490939
"clong_scaffold_7_002191";733,456513972931;1,06248540956506;0,512109256975289;0,00194763024689606;0,0421994249411882;0,142433517421567;1,30437963044024
"clong_scaffold_11_001534";2043,80477921215;1,11883557613308;0,553774400951262;0,00198542624587774;0,0426509156143542;0,163821396597245;1,32003726218702
"clong_contig_13790r_pilon_000003";3105,80209311785;1,10325193546987;0,549796377503222;0,00202731096217645;0,0431177704682076;0,161582806293842;1,3258054618288
"clong_scaffold_5_002479";234,582683201249;1,08446783072418;0,53251976869453;0,00202267865179497;0,0431177704682076;0,14796393264231;1,31515127336628
"clong_scaffold_2_002925";20071,7709786201;1,74541519081421;1,00051109473955;0,00205658512058043;0,043536353803734;0,442120940309104;1,38309776529033
"clong_scaffold_3_000660";1104,69657623645;1,40438428739338;0,755389745856809;0,00205516069113781;0,043536353803734;0,27548121074745;1,35944544523986
"clong_contig_12918r_pilon_000004";173,299930151965;1,52246957743562;0,847547509778419;0,00208368570941439;0,0437613036929757;0,327223765952543;1,37656218818884
"g23107";295,580058602273;1,63667892676812;0,930431104931487;0,00208131122533909;0,0437613036929757;0,385963041463638;1,38375008304353
"clong_scaffold_1_001355";50,2004824033125;1,50926936518947;0,826202880283953;0,00209414610990049;0,0438470816858304;0,297704307020294;1,37047579565379
"clong_scaffold_5_000320";106,554808778373;1,13399756624184;0,57341424690856;0,00209378174855681;0,0438470816858304;0,163419920196571;1,33210487912051
"clong_scaffold_7_000320";28,9264793632002;2,24308085841275;1,42064707870287;0,00209068383879097;0,0438470816858304;0,706064034884676;1,43044379333884
"clong_scaffold_10_001572";64,2877597044704;2,07196000963077;1,30619454530853;0,00213167651134;0,0441666620451398;0,641728701553938;1,42480655414674
"clong_scaffold_8_001882";81,0564932133635;1,82918436235874;1,09615907686208;0,0021571811876185;0,0445313401330475;0,490686249353752;1,40600784689204
"clong_contig_2281r_pilon_000005";6098,89584348002;2,37506931927459;1,63441061823375;0,00216763422759664;0,0447074559441806;0,911074893857079;1,45184994487252
"clong_scaffold_5_000941";3839,99361460999;1,9431139585354;1,19782737866347;0,00220140129370355;0,0452434638675027;0,579312320421658;1,41313270857975
"g5735";38,2296952677092;1,86903363402212;1,0833007996448;0,00220369621517896;0,045250655292267;0,437400845742445;1,39478578574334
"clong_scaffold_3_000761";176,320958213991;1,91539846982557;1,20280362649352;0,00224698804680117;0,0457359378030002;0,56621689917911;1,42722104602565
"clong_scaffold_4_003461";23,6758200780525;1,45673310904499;0,805196971100555;0,00226682010260688;0,0460590128272044;0,256798953930178;1,37729739010947
"clong_scaffold_3_000513";72,5456300938357;1,34128161057885;0,732379287778138;0,00229935375124795;0,0463512534932561;0,243479605567174;1,3704036621567
"clong_scaffold_2_000942";29,0058910735467;1,78491823469083;1,11668788496657;0,00234535279674577;0,0469286034332;0,466348851873693;1,43544048768255
"clong_scaffold_8_001879";122,653835331502;1,79597510259839;1,11534810003239;0,00236138491904931;0,0470759384247492;0,498411494313992;1,42306896947365
"clong_scaffold_3_000991";14,0541506230756;2,53649497813119;1,71754856836683;0,00236994713432938;0,0471701380942805;0,927115275556607;1,45328162372849
"clong_scaffold_11_002047";255,36162697525;1,10175071346971;0,572447755491559;0,00240495655559831;0,0476993301500381;0,168192617004527;1,34468554633804
"clong_scaffold_3_000736";195,13493826318;1,00332936353626;0,505038339781823;0,00242711241538515;0,0480159611768158;0,133996034603743;1,32807385416617
"clong_scaffold_7_001928";36113,0041358579;1,12257740190613;0,590363602487586;0,00249069084620854;0,0486940525521358;0,180438130516207;1,3482114544704
"clong_scaffold_7_001031";665,16341356129;1,76700723775151;1,12636444643518;0,00249976273121932;0,0487894127028671;0,504653248019894;1,43571913955045
"clong_scaffold_4_001277";123,435817585822;1,26882275882016;0,706495722522709;0,00257385788820368;0,0498176404068707;0,234931085934601;1,37822427232521
"clong_scaffold_4_000227";55,5283754664161;1,30849202555981;0,716184357076728;0,0025891168553714;0,0499835994606;0,181555299715167;1,37560852516129
